{"cityId":null,"ctl":"演唱会","ctlid":null,"cty":"北京","ctyIdx":0,"currPage":1,"data":null,"destCity":null,"et":null,"foot":null,"head":null,"ids":"","ip":"59.42.236.63","keyword":null,"order":null,"pageData":{"QTime":5,"contextPath":"\/dsearch","currentPage":1,"errorCode":0,"exception":null,"factMap":{"subcategoryname":[{"count":247,"name":"流行"},{"count":25,"name":"音乐节"},{"count":11,"name":"摇滚"},{"count":9,"name":"其他"},{"count":4,"name":"民族"}],"performstarttimelow":[],"cityname":[{"count":651,"name":"北京"},{"count":454,"name":"上海"},{"count":229,"name":"深圳"},{"count":192,"name":"广州"},{"count":136,"name":"杭州"},{"count":126,"name":"武汉"},{"count":121,"name":"成都"},{"count":121,"name":"重庆"},{"count":85,"name":"苏州"},{"count":83,"name":"长沙"},{"count":79,"name":"天津"},{"count":70,"name":"南京"},{"count":67,"name":"西安"},{"count":59,"name":"无锡"},{"count":56,"name":"郑州"},{"count":53,"name":"厦门"},{"count":51,"name":"宁波"},{"count":43,"name":"沈阳"},{"count":39,"name":"昆明"},{"count":39,"name":"福州"},{"count":37,"name":"常州"},{"count":35,"name":"东莞"},{"count":35,"name":"南昌"},{"count":34,"name":"大连"},{"count":34,"name":"桂林"},{"count":33,"name":"哈尔滨"},{"count":29,"name":"中山"},{"count":27,"name":"太原"},{"count":26,"name":"佛山"},{"count":20,"name":"济南"},{"count":17,"name":"惠州"},{"count":17,"name":"长春"},{"count":15,"name":"合肥"},{"count":15,"name":"贵阳"},{"count":13,"name":"南宁"},{"count":12,"name":"香港"},{"count":11,"name":"绍兴"},{"count":11,"name":"黄冈"},{"count":10,"name":"宜春"},{"count":10,"name":"江门"},{"count":10,"name":"潍坊"},{"count":10,"name":"澳门"},{"count":9,"name":"珠海"},{"count":9,"name":"石家庄"},{"count":9,"name":"芜湖"},{"count":6,"name":"温州"},{"count":6,"name":"舟山"},{"count":6,"name":"青岛"},{"count":5,"name":"安顺"},{"count":4,"name":"汕头"},{"count":4,"name":"玉林"},{"count":3,"name":"台州"},{"count":3,"name":"呼和浩特"},{"count":3,"name":"新加坡"},{"count":3,"name":"萍乡"},{"count":2,"name":"乐山"},{"count":2,"name":"六盘水"},{"count":2,"name":"吉林"},{"count":2,"name":"株洲"},{"count":2,"name":"泉州"},{"count":2,"name":"泰安"},{"count":2,"name":"海口"},{"count":2,"name":"盘锦"},{"count":2,"name":"金华"},{"count":2,"name":"银川"},{"count":2,"name":"锦州"},{"count":1,"name":"东营"},{"count":1,"name":"丽江"},{"count":1,"name":"乌海"},{"count":1,"name":"乌鲁木齐"},{"count":1,"name":"保定"},{"count":1,"name":"凉山彝族自治州"},{"count":1,"name":"北海"},{"count":1,"name":"咸阳"},{"count":1,"name":"嘉峪关"},{"count":1,"name":"大庆"},{"count":1,"name":"大理白族自治州"},{"count":1,"name":"宜宾"},{"count":1,"name":"巴彦淖尔"},{"count":1,"name":"广元"},{"count":1,"name":"延边朝鲜族自治州"},{"count":1,"name":"张家口"},{"count":1,"name":"徐州"},{"count":1,"name":"文山壮族苗族自治州"},{"count":1,"name":"晋中"},{"count":1,"name":"柳州"},{"count":1,"name":"梧州"},{"count":1,"name":"洛阳"},{"count":1,"name":"济宁"},{"count":1,"name":"渭南"},{"count":1,"name":"湖州"},{"count":1,"name":"烟台"},{"count":1,"name":"白山"},{"count":1,"name":"眉山"},{"count":1,"name":"绵阳"},{"count":1,"name":"聊城"},{"count":1,"name":"自贡"},{"count":1,"name":"茂名"},{"count":1,"name":"荆州"},{"count":1,"name":"蚌埠"},{"count":1,"name":"西宁"},{"count":1,"name":"赤峰"},{"count":1,"name":"运城"},{"count":1,"name":"铁岭"},{"count":1,"name":"锡林郭勒盟"},{"count":1,"name":"阿坝藏族羌族自治州"},{"count":1,"name":"鹤壁"},{"count":1,"name":"黔东南苗族侗族自治州"}],"categoryname":[{"count":1283,"name":"话剧歌剧"},{"count":991,"name":"音乐会"},{"count":296,"name":"演唱会"},{"count":272,"name":"曲苑杂坛"},{"count":215,"name":"度假休闲"},{"count":210,"name":"舞蹈芭蕾"},{"count":73,"name":"体育比赛"},{"count":9,"name":"超级票"}],"tag_names":[{"count":807,"name":"儿童亲子"},{"count":92,"name":"动漫"},{"count":27,"name":"旅游演艺"},{"count":25,"name":"旅游展览"},{"count":3,"name":"韩流地带"}],"performstarttime":[]},"firstResult":0,"keyword":null,"nextPage":1,"onePageSize":60,"previousPage":1,"queryTime":0,"resultCount":0,"resultData":[],"returnCode":0,"totalPage":1,"totalResults":0,"userCode":"0","userIp":"59.42.236.63"},"projectSearchService":{},"ptype":null,"sctl":"摇滚","sctlid":null,"showhead":null,"simple":0,"simpleKey":null,"singleChar":null,"st":null,"synkeywords":null,"tn":null,"tour":null,"tsg":null,"usercode":"0"}