[{"musicName":"好久不见MV","href":"http://www.xiami.com/song/ck8jA2d7c7","hot":"54865497","songID":"showDialog('/music/send/id/2067242');","imgSrc":"http://pic.xiami.net/images/album/img35/135/1675891330309511.jpg@1e_1c_100Q_185w_185h","word":"\r\n\t\t\t\t我来到 你的城市\r\n走过你来时的路\r\n想像着 没我的日子\r\n你是怎样的孤独\r\n拿着你 给的照片\r\n熟悉的那一条街\r\n只是没了你的画面\r\n我们回不到那天\r\n你会不会忽然的出现\r\n在街角的咖啡店\r\n我会带着笑脸 挥手寒喧\r\n和你 坐着聊聊天\r\n\r\n我多么想和你见一面\r\n看看你最近改变\r\n不再去说从前 只是寒喧\r\n对你说一句\r\n只是说一句\r\n好久不见\r\n拿着你 给的照片\r\n熟悉的那一条街\r\n只是没了你的画面\r\n我们回不到那天\r\n\r\n你会不会忽然的出现\r\n在街角的咖啡店\r\n我会带着笑脸 挥手寒喧\r\n和你 坐着聊聊天\r\n\r\n我多么想和你见一面\r\n看看你最近改变\r\n不再去说从前 只是寒喧\r\n对你说一句　\r\n只是说一句\r\n好久不见\r\n\t\t\t\t"},{"musicName":"陪你度过漫长岁月MVSleep Alone / 电影《陪安东尼度过漫长岁月》主题曲","href":"http://www.xiami.com/song/b1qlnCI41636","hot":"51319455","songID":"showDialog('/music/send/id/1774917404');","imgSrc":"http://pic.xiami.net/images/album/img35/135/21002167761444703497.jpg@1e_1c_100Q_185w_185h","word":"\r\n\t\t\t\t走过了人来人往\r\n不喜欢也得欣赏\r\n我是沉默的存在\r\n不当你世界 只作你肩膀\r\n\r\n拒绝成长到成长\r\n变成想要的模样\r\n在举手投降以前\r\n让我再陪你一段\r\n\r\n*陪你把沿路感想 活出了答案\r\n陪你把独自孤单 变成了勇敢\r\n一次次失去 又重来 我没离开\r\n陪伴是 最长情的告白\r\n陪你把想念的酸 拥抱成温暖\r\n陪你把彷徨 写出情节来\r\n未来多漫长 再漫长 还有期待\r\n陪伴你 一直到 故事给说完\r\n\r\n让我们静静分享\r\n此刻难得的坦白\r\n只是无声地交谈\r\n都感觉幸福 感觉不孤单\r\n\r\nRepeat **\r\n\t\t\t\t"},{"musicName":"因为爱情MV电影《将爱情进行到底》主题曲","href":"http://www.xiami.com/song/mQ78YS7c6d5","hot":"36404778","songID":"showDialog('/music/send/id/1769962750');","imgSrc":"http://pic.xiami.net/images/album/img35/135/4203041352087912.jpg@1e_1c_100Q_185w_185h","word":"\r\n\t\t\t\t给你一张过去的CD\r\n听听那时我们的爱情\r\n有时会突然忘了我还在爱着你\r\n\r\n再唱不出那样的歌曲\r\n听到都会红着脸躲避\r\n虽然会经常忘了我依然爱着你\r\n\r\n因为爱情 不会轻易悲伤\r\n所以一切都是幸福的模样\r\n因为爱情 简单的生长\r\n依然随时可以为你疯狂\r\n\r\n因为爱情 怎么会有沧桑\r\n所以我们还是年轻的模样\r\n因为爱情 在那个地方\r\n依然还有人在那里游荡人来人往\r\n\r\n再唱不出那样的歌曲\r\n听到都会红着脸躲避\r\n虽然会经常忘了我依然爱着你\r\n\r\n因为爱情 不会轻易悲伤\r\n所以一切都是幸福的模样\r\n因为爱情 简单的生长\r\n依然随时可以为你疯狂\r\n\r\n因为爱情 怎么会有沧桑\r\n所以我们还是年轻的模样\r\n因为爱情 在那个地方\r\n依然还有人在那里游荡人来人往\r\n\r\n给你一张过去的CD\r\n听听那时我们的爱情\r\n有时会突然忘了我还在爱着你\r\n\t\t\t\t"},{"musicName":"不要说话MV","href":"http://www.xiami.com/song/ckKhCebfd6","hot":"32468744","songID":"showDialog('/music/send/id/2113248');","imgSrc":"http://pic.xiami.net/images/album/img35/135/1710781466149722.jpg@1e_1c_100Q_185w_185h","word":"\r\n\t\t\t\t不要说话 - 陈奕迅\r\n作曲:小柯   作词:小柯 　　\r\n\r\n深色的海面铺满白色的月光 　　\r\n我出神望着海心不知飞哪去 　　\r\n听到她在告诉你 　　\r\n说她真的喜欢你 　　\r\n我不知该    躲哪里 　　\r\n 　　\r\n爱一个人是不是应该有默契 　　\r\n我以为你懂得每当我看着你 　　\r\n我藏起来的秘密 　　\r\n在每一天清晨里 　　\r\n暖成咖啡    安静的拿给你 　　\r\n\r\n愿意    用一支黑色的铅笔 　　\r\n画一出沉默舞台剧 　　\r\n灯光再亮也抱住你 　　\r\n愿意    在角落唱沙哑的歌 　　\r\n再大声也都是给你 　　\r\n请用心听    不要说话 　　　　\r\n 　　\r\n爱一个人是不是应该有默契 　　\r\n我以为你懂得每当我看着你 　　\r\n我藏起来的秘密 　　\r\n在每一天清晨里 　　\r\n暖成咖啡    安静的拿给你 　　\r\n\r\n愿意    用一支黑色的铅笔 　　\r\n画一出沉默舞台剧 　　\r\n灯光再亮也抱住你 　　\r\n愿意在角落唱沙哑的歌 　　\r\n再大声也都是给你 　　\r\n请用心听    不要说话\r\n\r\n愿意    用一支黑色的铅笔 　　\r\n画一出沉默舞台剧 　　\r\n灯光再亮也抱住你 　　\r\n愿意    在角落唱沙哑的歌 　　\r\n再大声也都是给你 　　\r\n请原谅我    不会说话\r\n\r\n愿意    用一支黑色的铅笔 　　\r\n画一出沉默舞台剧 　　\r\n灯光再亮也抱住你 　　\r\n愿意    在角落唱沙哑的歌 　　\r\n再大声也都是给你\r\n爱是用心吗    不要说话 　　\r\n\t\t\t\t"},{"musicName":"红玫瑰","href":"http://www.xiami.com/song/ck8jPf6ce3","hot":"28769936","songID":"showDialog('/music/send/id/2067257');","imgSrc":"http://pic.xiami.net/images/album/img35/135/1675891330309511.jpg@1e_1c_100Q_185w_185h","word":"\r\n\t\t\t\t梦里梦到醒不来的梦 红线里被软禁的红\r\n所有刺激剩下疲乏的痛 再无动于衷\r\n从背后抱你的时候 期待的却是他的面容\r\n说来实在嘲讽 我不太懂 偏渴望 你懂\r\n\r\n是否幸福轻得太沉重 过度使用 不痒不痛\r\n烂熟透红 空洞了的瞳孔 终于淘空 终于有始无终\r\n得不到的永远在骚动 被偏爱的都有恃无恐\r\n玫瑰的红 容易受伤的梦 握在手中却流失于指缝 又落空\r\n\r\n红是痣砂只烙印心口 红是蚊子血般平庸\r\n时间美化那仅有的悸动 也磨平激动\r\n从背后抱你的时候 期待的却是他的面容\r\n说来实在嘲讽 我不太懂 偏渴望 你懂\r\n\r\n是否幸福轻得太沉重 过度使用 不痒不痛\r\n烂熟透红 空洞了的瞳孔 终于淘空 终于有始无终\r\n得不到的永远在骚动 被偏爱的都有恃无恐\r\n玫瑰的红 容易受伤的梦 握在手中却流失于指缝 又落空\r\n\r\n是否说爱都太过沉重 过度使用 不痒不痛\r\n烧得火红 蛇行缠绕心中 终于冷冻 终于有始无终\r\n得不到的永远在骚动 被偏爱的都有恃无恐\r\n玫瑰的红 容易受伤的梦 握在手中却流失于指缝\r\n\r\n得不到的永远在骚动 被偏爱的都有恃无恐\r\n玫瑰的红 伤口绽放的梦 握在手中却流失于指缝 再落空\r\n\t\t\t\t"},{"musicName":"稳稳的幸福MV电影《越来越好之村晚》主题曲","href":"http://www.xiami.com/song/xLz9ENbddea","hot":"27136622","songID":"showDialog('/music/send/id/1771638197');","imgSrc":"http://pic.xiami.net/images/album/img35/135/5749231466147525.jpg@1e_1c_100Q_185w_185h","word":"\r\n\t\t\t\t有一天 我发现自怜资格都已没有\r\n只剩下不知疲倦的肩膀\r\n担负着简单的满足\r\n有一天 开始从平淡日子感受快乐\r\n看到了明明白白的远方 我要的幸福\r\n\r\n我要稳稳的幸福 能抵挡末日的残酷\r\n在不安的深夜 能有个归宿\r\n我要稳稳的幸福 能用双手去碰触\r\n每次伸手入怀中 有你的温度\r\n\r\n我要稳稳的幸福 能抵挡失落的痛楚\r\n一个人的路途 也不会孤独\r\n我要稳稳的幸福 能用生命做长度\r\n无论我身在何处 都不会迷途\r\n\r\n我要稳稳的幸福\r\n这是我想要的幸福\r\n\t\t\t\t"},{"musicName":"富士山下MV","href":"http://www.xiami.com/song/kau7b16d6","hot":"22014198","songID":"showDialog('/music/send/id/384553');","imgSrc":"http://pic.xiami.net/images/album/img35/135/5761471874687.jpg@1e_1c_100Q_185w_185h","word":"\r\n\t\t\t\t拦路雨偏似雪花  饮泣的你冻吗 \r\n这风褛我给你磨到有襟花\r\n连掉了渍也不怕  怎么始终牵挂 \r\n苦心选中今天想车你回家\r\n\r\n原谅我不再送花  伤口应要结疤 \r\n花瓣铺满心里坟场才害怕 \r\n如若你非我不嫁  彼此终必火化 \r\n一生一世等一天需要代价\r\n\r\n谁都只得那双手  靠拥抱亦难任你拥有 \r\n要拥有必先懂失去怎接受\r\n曾沿着雪路浪游  为何为好事泪流 \r\n谁能凭爱意要富士山私有 \r\n\r\n何不把悲哀感觉  假设是来自你虚构 \r\n试管里找不到它染污眼眸\r\n前尘硬化像石头  随缘地抛下便逃走 \r\n我绝不罕有  往街里绕过一周  我便化乌有 \r\n\r\n情人节不要说穿  只敢抚你发端 \r\n这种姿态可会令你更心酸\r\n留在汽车里取暖  应该怎么规劝 \r\n怎么可以将手腕忍痛划损\r\n\r\n人活到几岁算短  失恋只有更短 \r\n归家需要几里路谁能预算 \r\n忘掉我跟你恩怨  樱花开了几转 \r\n东京之旅一早比一世遥远 \r\n\r\n你还嫌不够  我把这陈年风褛  送赠你解咒\r\n\t\t\t\t"},{"musicName":"一丝不挂MV","href":"http://www.xiami.com/song/xLqlvm14c2e","hot":"19225270","songID":"showDialog('/music/send/id/1769399774');","imgSrc":"http://pic.xiami.net/images/album/img35/135/3709401464957691.jpg@1e_1c_100Q_185w_185h","word":"\r\n\t\t\t\t分手时内疚的你一转脸 为日后不想有什么牵连 \n当我工作睡觉祷告娱乐那么刻意过好每天 \n谁料你见松绑了又愿见面 \n\n谁当初想摆脱被围绕左右 \n过后谁人被遥控于世界尽头 \n勒到呼吸困难才知变扯线木偶 \n这根线其实说到底谁拿捏在手 \n\n不聚不散 只等你给另一对手擒获 \n那时青丝 不会用上余生来量度 \n但我拖著躯壳 发现沿途寻找的快乐 \n仍系于你肩膊 或是其实在等我舍割 \n然后断线风筝会直飞天国 \n\n这些年望你紧抱他出现 还凭何担心再互相纠缠 \n给我找个伴侣找到留下你的足印也可发展 \n全为你背影逼我步步向前 \n\n如一根丝牵引着拾荒之路 \n结在喉咙内痕痒得似有还无 \n为你安心我在微笑中想吐未吐 \n只想你和伴侣要好才顽强病好 \n\n不聚不散 只等你给另一对手擒获 \n以为青丝 不会用上余生来量度 \n但我拖著躯壳 发现沿途寻找的快乐 \n仍系於你肩膊 或是其实在等我舍割 \n然后断线风筝会直飞天国 \n\n一直不觉 捆绑我的未可扣紧承诺 \n满头青丝 想到白了仍懒得脱落 \n被你牵动思觉 最后谁愿缠绕到天国 \n然后撕裂躯壳 欲断难断在不甘心去舍割 \n难道爱本身可爱在于束缚 \n无奈你我牵过手 没绳索\n\n监制: Alvin Leong\nArranged by 陈珀\nProduced by Alvin Leong\nPiano & Programming: 陈珀\nStrings Conducted & Arranged by 陈珀\nGuitars: Joey Tang\nDrums: Lawrence Tsui\nBass: Ho Chun Kit\nBacking Vocals: Patrick Lui\nStrings: 一提琴 张毅 李叶波 林淋 罗菁 易岸兮 王悦 李椰菁 李磊\n　　　　二提琴: 谢林 郭慧 郝宝珠 陈苗苗 胡悦 焦丝玲\n　　　　中提琴: 叶凯英 陈晓梅 吴莽 钟惠嫦 \n　　　　大提琴: 高志坚 马瑜 叶辉 王丹\n　　　　倍大提琴: 刑守强 杨景贤\n　　　　圆号: 付磊\n　　　　录音师: 杨震 蔡并敏\nDigital Editing: Amic Tang\nRecorded by Anthony Leung & Lee Wai Ming at Avon Recording Studios\nMixed by Frankie Hung at Avon Recording Studios\n\nOP: Passport Publishing (admin by EMI Music Publishing HK)/Denseline Co Ltd (admin by EMI Music Publishing HK)\r\n\t\t\t\t"},{"musicName":"浮夸MV","href":"http://www.xiami.com/song/b8OSGc92ea","hot":"18520958","songID":"showDialog('/music/send/id/3075078');","imgSrc":"http://pic.xiami.net/images/album/img35/135/2723771466149618.jpg@1e_1c_100Q_185w_185h","word":"\r\n\t\t\t\t有人问我我就会讲\r\n但是无人来\r\n我期待到无奈\r\n有话要讲得不到装载\r\n我的心情犹像樽盖等被揭开\r\n咀巴却在养青苔\r\n人潮内愈文静\r\n愈变得不受理睬\r\n自己要搅出意外\r\n像突然地高歌\r\n任何地方也像开四面台\r\n着最闪的衫扮十分感慨\r\n有人来拍照要记住插袋\r\n\r\n你当我是浮夸吧\r\n夸张只因我很怕\r\n似木头似石头的话\r\n得到注意吗\r\n其实怕被忘记\r\n至放大来演吧\r\n很不安怎去优雅\r\n世上还赞颂沉默吗\r\n不够爆炸\r\n怎么有话题让我夸\r\n做大娱乐家\r\n\r\n那年十八母校舞会\r\n站着如喽罗\r\n那时候我含泪\r\n发誓各位必须看到我\r\n在世间平凡又普通的路太多\r\n屋村你住哪一座\r\n情爱中工作中\r\n受过的忽视太多\r\n自尊已饱经跌堕\r\n重视能治肚饿\r\n未曾获得过便知我为何\r\n大动作很多犯下这些错\r\n搏人们看着我算病态么\r\n\r\n你当我是浮夸吧\r\n夸张只因我很怕\r\n似木头似石头的话\r\n得到注意吗\r\n其实怕被忘记\r\n至放大来演吧\r\n很不安怎去优雅\r\n世上还赞颂沉默吗\r\n不够爆炸\r\n怎么有话题让我夸\r\n做大娱乐家\r\n\r\n幸运儿并不多\r\n若然未当过就知我为何\r\n用十倍苦心做突出一个\r\n正常人够我富议论性么\r\n\r\n你叫我做浮夸吧\r\n加几声嘘声也不怕\r\n我在场有闷场的话\r\n表演你看吗够歇斯底里吗\r\n以眼泪淋花吧\r\n一心只想你惊讶\r\n我旧时似未存在吗\r\n加重注码青筋也现形\r\n话我知现在存在吗\r\n凝视我别再只看天花\r\n我非你杯茶也可尽情地喝吧\r\n别遗忘有人在为你声沙\r\n\t\t\t\t"},{"musicName":"阴天快乐MV","href":"http://www.xiami.com/song/8GpSWkfbc55","hot":"18504906","songID":"showDialog('/music/send/id/1772908502');","imgSrc":"http://pic.xiami.net/images/album/img35/135/14933062841398666719.jpg@1e_1c_100Q_185w_185h","word":"\r\n\t\t\t\t天空它像什么 爱情就像什么\n几朵云在阴天忘了该往哪儿走\n\n思念和寂寞 被吹进了左耳\n也许我记不住可是也忘不掉那时候\n那种秘密的快乐\n\n听阴天说什么 在昏暗中的我\n想对着天讲 说无论如何 阴天快乐\n\n叫阴天别闹了 想念你都那么久那么久了\n我一抬头 就看见你 那个酒窝\n\n翻山越岭之后 爱却神出鬼没\n你像一首唱到沙哑偏爱的情歌\n\n旅途中坐一坐 在秋千上的我\n原来我忽略的如今想纪念也没用\n那些时光的因果\n\n听阴天说什么 在昏暗中的我\n想对着天讲 说无论如何 阴天快乐\n\n叫阴天别闹了 想念你都那么久那么久了\n我一抬头 就看见你 那个酒窝\n\n过去穿过了现在绕过了未来缝在心海中\n带着你我旅行变成老头\n孤单怕成了习惯所以我淡定走在人海中\n偶而想看云飞却没风\n\n听阴天说什么 在昏暗中的我\n想对着天讲 说无论如何 阴天快乐\n\n叫阴天别闹了 想念你都那么久那么久了\n我一抬头 就看见了 当时的我\n\n制作人：JJ 林俊杰 配唱制作：JJ 林俊杰 \n制作协力：周信廷 / Gary Lao \n电子合成器 / 仿音合成器 / 键琴 / 程序编排：C. Y. Kong\n吉他：亚贤 鼓：Davy Chan \n低音吉他：basskit 何俊杰 钢琴：JJ LIN\n第一小提琴：孔朝晖 / 顾文丽 / 隋晶晶\n第二小提琴：张振山 / 尹淑占 / 孔宪隆\n中提琴：关旗 / 水兵 大提琴：王言 / 郭皓\n和声编写：JJ 林俊杰 和声：JFJ 合唱团\n录音室：白金录音师 (台北) / Yellow Box (Singapore) /\nJFJ BASE CAMP (Taipei) / aroom studio (Hong Kong)\n录音师：潘尧泓 / Gary Leo with Frank Lee & Grocki /\nJJ 林俊杰 / Ken Au & Davy Chan\n混音室：白金录音室 (Taipei) 混音师：林正忠\nOP：JFJ Productions Corp. / 飞行石有限公司\nSP：Universal Music Publishing Ltd. Taiwan / Warner/Chappell Music Taiwan Ltd.\r\n\t\t\t\t"}]